,county,date,labor_force,employment,unemployment,unemployment_rate
0,Alameda,2021-04-01,795300,745000,50200,0.063
1,Alpine,2021-04-01,540,500,40,0.08
2,Amador,2021-04-01,14270,13270,990,0.07
3,Butte,2021-04-01,91500,85000,6500,0.071
4,Calaveras,2021-04-01,21100,19850,1250,0.059
5,Colusa,2021-04-01,10710,9320,1390,0.13
6,Contra Costa,2021-04-01,530200,495000,35200,0.066
7,Del Norte,2021-04-01,9210,8460,750,0.081
8,El Dorado,2021-04-01,89800,84400,5400,0.06
9,Fresno,2021-04-01,436700,394700,42100,0.096
10,Glenn,2021-04-01,12640,11760,870,0.069
11,Humboldt,2021-04-01,59200,55500,3800,0.063
12,Imperial,2021-04-01,64900,54500,10500,0.161
13,Inyo,2021-04-01,8120,7640,480,0.06
14,Kern,2021-04-01,372700,332600,40100,0.107
15,Kings,2021-04-01,54700,49100,5600,0.102
16,Lake,2021-04-01,28740,26550,2190,0.076
17,Lassen,2021-04-01,9480,8920,560,0.059
19,Los Angeles,2021-04-01,5110500,4548100,562400,0.11
20,Madera,2021-04-01,60200,54500,5700,0.095
21,Marin,2021-04-01,129600,123600,6000,0.046
22,Mariposa,2021-04-01,6820,6260,560,0.082
23,Mendocino,2021-04-01,36000,33640,2360,0.065
24,Merced,2021-04-01,114100,101600,12500,0.109
25,Modoc,2021-04-01,3290,3040,250,0.075
26,Mono,2021-04-01,7430,6870,550,0.074
27,Monterey,2021-04-01,215600,197000,18600,0.086
28,Napa,2021-04-01,67700,63500,4200,0.063
29,Nevada,2021-04-01,45440,42760,2680,0.059
30,Orange,2021-04-01,1536000,1440500,95500,0.062
31,Placer,2021-04-01,183300,173700,9700,0.053
32,Plumas,2021-04-01,7350,6640,710,0.097
33,Riverside,2021-04-01,1099100,1016000,83200,0.076
34,Sacramento,2021-04-01,700800,650500,50300,0.072
35,San Benito,2021-04-01,31100,28700,2400,0.077
36,San Bernardino,2021-04-01,965700,891300,74500,0.077
37,San Diego,2021-04-01,1517500,1415400,102100,0.067
38,San Francisco,2021-04-01,540500,511600,28900,0.054
39,San Joaquin,2021-04-01,328100,298700,29500,0.09
40,San Luis Obispo,2021-04-01,128300,121100,7200,0.056
41,San Mateo,2021-04-01,424000,403400,20500,0.048
42,Santa Barbara,2021-04-01,216300,203300,12900,0.06
43,Santa Clara,2021-04-01,1003800,953900,49900,0.05
44,Santa Cruz,2021-04-01,129400,119400,10000,0.077
45,Shasta,2021-04-01,72500,67400,5100,0.07
46,Sierra,2021-04-01,1280,1190,90,0.067
47,Siskiyou,2021-04-01,16620,15270,1350,0.081
48,Solano,2021-04-01,199300,184200,15100,0.076
49,Sonoma,2021-04-01,238300,224600,13700,0.057
50,Stanislaus,2021-04-01,237800,217300,20400,0.086
51,Sutter,2021-04-01,44000,39800,4200,0.096
52,Tehama,2021-04-01,25090,23240,1860,0.074
53,Trinity,2021-04-01,4440,4150,300,0.066
54,Tulare,2021-04-01,196900,175100,21700,0.11
55,Tuolumne,2021-04-01,19510,18000,1510,0.078
56,Ventura,2021-04-01,405200,380100,25000,0.062
57,Yolo,2021-04-01,105100,98700,6400,0.06
58,Yuba,2021-04-01,29000,26400,2600,0.091
1053,Alameda,2021-03-01,805700,754200,51500,0.064
1054,Alpine,2021-03-01,610,560,50,0.077
1055,Amador,2021-03-01,14430,13360,1070,0.074
1056,Butte,2021-03-01,92600,85700,6900,0.074
1057,Calaveras,2021-03-01,21270,19920,1350,0.063
1058,Colusa,2021-03-01,10510,8870,1640,0.156
1059,Contra Costa,2021-03-01,537400,501500,35900,0.067
1060,Del Norte,2021-03-01,9280,8510,770,0.083
1061,El Dorado,2021-03-01,90900,85300,5700,0.062
1062,Fresno,2021-03-01,439100,395600,43500,0.099
1063,Glenn,2021-03-01,12740,11800,940,0.074
1064,Humboldt,2021-03-01,59900,55900,4000,0.066
1065,Imperial,2021-03-01,65100,54900,10200,0.157
1066,Inyo,2021-03-01,8300,7770,530,0.064
1067,Kern,2021-03-01,368200,327500,40800,0.111
1068,Kings,2021-03-01,55100,49300,5800,0.105
1069,Lake,2021-03-01,29150,26840,2310,0.079
1070,Lassen,2021-03-01,9420,8800,620,0.066
1071,Los Angeles,2021-03-01,5111300,4547800,563500,0.11
1073,Madera,2021-03-01,61700,55900,5800,0.095
1074,Marin,2021-03-01,131300,125200,6200,0.047
1075,Mariposa,2021-03-01,6680,6050,620,0.093
1076,Mendocino,2021-03-01,36470,33900,2580,0.071
1077,Merced,2021-03-01,115200,102100,13100,0.114
1078,Modoc,2021-03-01,3230,2940,290,0.091
1079,Mono,2021-03-01,8150,7520,630,0.077
1080,Monterey,2021-03-01,206700,185000,21600,0.105
1081,Napa,2021-03-01,68500,64000,4400,0.065
1082,Nevada,2021-03-01,46550,43730,2820,0.061
1083,Orange,2021-03-01,1542600,1445300,97300,0.063
1084,Placer,2021-03-01,185300,175300,10000,0.054
1085,Plumas,2021-03-01,7230,6370,860,0.119
1086,Riverside,2021-03-01,1112300,1028000,84300,0.076
1087,Sacramento,2021-03-01,707600,655900,51600,0.073
1088,San Benito,2021-03-01,31200,28700,2600,0.082
1089,San Bernardino,2021-03-01,976800,901100,75700,0.077
1090,San Diego,2021-03-01,1534000,1429600,104400,0.068
1091,San Francisco,2021-03-01,542400,513300,29200,0.054
1092,San Joaquin,2021-03-01,333400,303000,30400,0.091
1093,San Luis Obispo,2021-03-01,129800,122300,7500,0.058
1094,San Mateo,2021-03-01,426100,405100,21000,0.049
1095,Santa Barbara,2021-03-01,214400,200300,14100,0.066
1096,Santa Clara,2021-03-01,1011200,960100,51100,0.051
1097,Santa Cruz,2021-03-01,129800,119200,10600,0.082
1098,Shasta,2021-03-01,73400,67900,5500,0.075
1099,Sierra,2021-03-01,1300,1200,100,0.074
1100,Siskiyou,2021-03-01,16640,15090,1540,0.093
1101,Solano,2021-03-01,202000,186500,15500,0.077
1102,Sonoma,2021-03-01,240900,226600,14300,0.059
1103,Stanislaus,2021-03-01,239600,218600,20900,0.087
1104,Sutter,2021-03-01,43800,39300,4500,0.103
1105,Tehama,2021-03-01,25210,23220,1990,0.079
1106,Trinity,2021-03-01,4420,4090,330,0.074
1107,Tulare,2021-03-01,193600,171200,22500,0.116
1108,Tuolumne,2021-03-01,19710,18100,1610,0.082
1109,Ventura,2021-03-01,406400,380600,25800,0.064
1110,Yolo,2021-03-01,105700,98900,6800,0.064
1111,Yuba,2021-03-01,29200,26300,2800,0.097
2106,Alameda,2021-02-01,811100,756500,54600,0.067
2107,Alpine,2021-02-01,630,590,50,0.071
2108,Amador,2021-02-01,14500,13360,1140,0.078
2109,Butte,2021-02-01,92600,85500,7200,0.077
2110,Calaveras,2021-02-01,21350,19940,1410,0.066
2111,Colusa,2021-02-01,10620,8880,1730,0.163
2112,Contra Costa,2021-02-01,540700,502600,38100,0.07
2113,Del Norte,2021-02-01,9320,8520,800,0.086
2114,El Dorado,2021-02-01,91600,85600,6000,0.066
2115,Fresno,2021-02-01,443100,398400,44700,0.101
2116,Glenn,2021-02-01,12510,11550,960,0.077
2117,Humboldt,2021-02-01,59700,55500,4200,0.07
2118,Imperial,2021-02-01,66300,55700,10600,0.16
2119,Inyo,2021-02-01,8340,7790,550,0.066
2120,Kern,2021-02-01,380000,338600,41400,0.109
2121,Kings,2021-02-01,56100,50100,6000,0.107
2122,Lake,2021-02-01,29090,26680,2410,0.083
2123,Lassen,2021-02-01,9520,8870,660,0.069
2124,Los Angeles,2021-02-01,5125300,4568700,556600,0.109
2126,Madera,2021-02-01,63300,57200,6100,0.096
2127,Marin,2021-02-01,131100,124500,6600,0.05
2128,Mariposa,2021-02-01,6710,6030,680,0.101
2129,Mendocino,2021-02-01,36730,34030,2710,0.074
2130,Merced,2021-02-01,116000,102500,13500,0.116
2131,Modoc,2021-02-01,3150,2850,300,0.095
2132,Mono,2021-02-01,8420,7750,670,0.08
2133,Monterey,2021-02-01,206100,183200,22900,0.111
2134,Napa,2021-02-01,68800,63900,4900,0.071
2135,Nevada,2021-02-01,47030,44050,2970,0.063
2136,Orange,2021-02-01,1545100,1441300,103900,0.067
2137,Placer,2021-02-01,186700,176100,10600,0.057
2138,Plumas,2021-02-01,7200,6310,890,0.124
2139,Riverside,2021-02-01,1121000,1031300,89700,0.08
2140,Sacramento,2021-02-01,714100,659400,54700,0.077
2141,San Benito,2021-02-01,31400,28700,2700,0.086
2142,San Bernardino,2021-02-01,984800,905000,79800,0.081
2143,San Diego,2021-02-01,1548500,1437100,111400,0.072
2144,San Francisco,2021-02-01,543600,512800,30800,0.057
2145,San Joaquin,2021-02-01,334200,302300,31900,0.095
2146,San Luis Obispo,2021-02-01,130400,122200,8200,0.063
2147,San Mateo,2021-02-01,426900,404500,22300,0.052
2148,Santa Barbara,2021-02-01,213600,198300,15300,0.072
2149,Santa Clara,2021-02-01,1019200,965100,54200,0.053
2150,Santa Cruz,2021-02-01,130500,119400,11100,0.085
2151,Shasta,2021-02-01,74000,68200,5800,0.078
2152,Sierra,2021-02-01,1300,1200,100,0.077
2153,Siskiyou,2021-02-01,16640,15000,1630,0.098
2154,Solano,2021-02-01,203700,187200,16500,0.081
2155,Sonoma,2021-02-01,241400,226000,15300,0.063
2156,Stanislaus,2021-02-01,240400,218600,21800,0.091
2157,Sutter,2021-02-01,44200,39600,4600,0.105
2158,Tehama,2021-02-01,25530,23460,2070,0.081
2159,Trinity,2021-02-01,4470,4130,340,0.076
2160,Tulare,2021-02-01,197500,174700,22800,0.116
2161,Tuolumne,2021-02-01,19870,18150,1710,0.086
2162,Ventura,2021-02-01,408700,381000,27700,0.068
2163,Yolo,2021-02-01,106500,99200,7300,0.069
2164,Yuba,2021-02-01,29500,26600,2900,0.099
3159,Alameda,2021-01-01,802200,744200,58000,0.072
3160,Alpine,2021-01-01,630,580,40,0.069
3161,Amador,2021-01-01,14330,13140,1190,0.083
3162,Butte,2021-01-01,91300,83900,7400,0.081
3163,Calaveras,2021-01-01,21160,19680,1470,0.07
3164,Colusa,2021-01-01,10260,8620,1640,0.16
3165,Contra Costa,2021-01-01,534700,494600,40100,0.075
3166,Del Norte,2021-01-01,9310,8470,840,0.09
3167,El Dorado,2021-01-01,90600,84300,6300,0.069
3168,Fresno,2021-01-01,441800,397000,44700,0.101
3169,Glenn,2021-01-01,12250,11270,980,0.08
3170,Humboldt,2021-01-01,58800,54400,4300,0.074
3171,Imperial,2021-01-01,65200,54500,10800,0.165
3172,Inyo,2021-01-01,8270,7700,570,0.069
3173,Kern,2021-01-01,380000,338800,41200,0.108
3174,Kings,2021-01-01,55200,49200,6000,0.109
3175,Lake,2021-01-01,28660,26100,2560,0.089
3176,Lassen,2021-01-01,9450,8800,660,0.07
3177,Los Angeles,2021-01-01,4915800,4289900,625900,0.127
3179,Madera,2021-01-01,62600,56500,6100,0.098
3180,Marin,2021-01-01,128700,121700,7000,0.054
3181,Mariposa,2021-01-01,6760,5950,810,0.12
3182,Mendocino,2021-01-01,36210,33410,2800,0.077
3183,Merced,2021-01-01,113900,100700,13200,0.116
3184,Modoc,2021-01-01,3120,2830,290,0.094
3185,Mono,2021-01-01,8580,7810,770,0.09
3186,Monterey,2021-01-01,203100,179800,23300,0.115
3187,Napa,2021-01-01,66900,61000,5900,0.088
3188,Nevada,2021-01-01,46760,43620,3140,0.067
3189,Orange,2021-01-01,1520400,1409100,111300,0.073
3190,Placer,2021-01-01,184500,173400,11000,0.06
3191,Plumas,2021-01-01,7090,6240,850,0.12
3192,Riverside,2021-01-01,1106000,1011200,94800,0.086
3193,Sacramento,2021-01-01,706900,649300,57500,0.081
3194,San Benito,2021-01-01,30900,28100,2800,0.089
3195,San Bernardino,2021-01-01,969800,886400,83400,0.086
3196,San Diego,2021-01-01,1518700,1397000,121700,0.08
3197,San Francisco,2021-01-01,536300,503100,33200,0.062
3198,San Joaquin,2021-01-01,329800,296800,33000,0.1
3199,San Luis Obispo,2021-01-01,130700,121800,8900,0.068
3200,San Mateo,2021-01-01,420900,397000,23900,0.057
3201,Santa Barbara,2021-01-01,210900,194600,16400,0.078
3202,Santa Clara,2021-01-01,1004000,947000,57000,0.057
3203,Santa Cruz,2021-01-01,128500,117200,11200,0.087
3204,Shasta,2021-01-01,73400,67600,5800,0.079
3205,Sierra,2021-01-01,1260,1170,100,0.076
3206,Siskiyou,2021-01-01,16500,14870,1630,0.099
3207,Solano,2021-01-01,201200,183800,17300,0.086
3208,Sonoma,2021-01-01,235800,219000,16800,0.071
3209,Stanislaus,2021-01-01,237300,215000,22300,0.094
3210,Sutter,2021-01-01,43200,38700,4500,0.104
3211,Tehama,2021-01-01,25220,23190,2040,0.081
3212,Trinity,2021-01-01,4400,4060,340,0.078
3213,Tulare,2021-01-01,195500,173100,22400,0.115
3214,Tuolumne,2021-01-01,19810,17980,1830,0.092
3215,Ventura,2021-01-01,402600,372600,30000,0.074
3216,Yolo,2021-01-01,105000,97600,7400,0.07
3217,Yuba,2021-01-01,29000,26100,2900,0.101
4212,Alameda,2020-12-01,806800,746400,60400,0.075
4213,Alpine,2020-12-01,600,550,50,0.077
4214,Amador,2020-12-01,14230,13080,1150,0.081
4215,Butte,2020-12-01,89700,82400,7300,0.081
4216,Calaveras,2020-12-01,21200,19760,1440,0.068
4217,Colusa,2020-12-01,10280,8840,1440,0.14
4218,Contra Costa,2020-12-01,537200,495800,41400,0.077
4219,Del Norte,2020-12-01,9180,8360,820,0.09
4220,El Dorado,2020-12-01,90500,84300,6100,0.068
4221,Fresno,2020-12-01,445200,400900,44400,0.1
4222,Glenn,2020-12-01,12230,11300,930,0.076
4223,Humboldt,2020-12-01,58900,54500,4400,0.074
4224,Imperial,2020-12-01,65500,54000,11500,0.175
4225,Inyo,2020-12-01,8180,7630,550,0.067
4226,Kern,2020-12-01,379400,338500,40900,0.108
4227,Kings,2020-12-01,55500,49600,5900,0.106
4228,Lake,2020-12-01,28060,25590,2470,0.088
4229,Lassen,2020-12-01,9310,8680,630,0.067
4230,Los Angeles,2020-12-01,4868000,4270600,597400,0.123
4232,Madera,2020-12-01,62100,56200,5800,0.094
4233,Marin,2020-12-01,128200,121100,7100,0.056
4234,Mariposa,2020-12-01,6560,5850,710,0.108
4235,Mendocino,2020-12-01,36220,33410,2810,0.077
4236,Merced,2020-12-01,113700,101100,12500,0.11
4237,Modoc,2020-12-01,3110,2850,260,0.083
4238,Mono,2020-12-01,7870,7150,710,0.091
4239,Monterey,2020-12-01,202000,181300,20700,0.103
4240,Napa,2020-12-01,66100,61100,5000,0.075
4241,Nevada,2020-12-01,46600,43490,3110,0.067
4242,Orange,2020-12-01,1542500,1427800,114700,0.074
4243,Placer,2020-12-01,184700,173600,11100,0.06
4244,Plumas,2020-12-01,7160,6410,750,0.104
4245,Riverside,2020-12-01,1116200,1019600,96600,0.087
4246,Sacramento,2020-12-01,708900,650100,58800,0.083
4247,San Benito,2020-12-01,30700,28100,2600,0.085
4248,San Bernardino,2020-12-01,981200,894700,86600,0.088
4249,San Diego,2020-12-01,1535100,1412500,122700,0.08
4250,San Francisco,2020-12-01,541600,506700,34900,0.064
4251,San Joaquin,2020-12-01,332700,299400,33400,0.1
4252,San Luis Obispo,2020-12-01,128500,120000,8600,0.067
4253,San Mateo,2020-12-01,424400,399700,24700,0.058
4254,Santa Barbara,2020-12-01,213100,197600,15500,0.073
4255,Santa Clara,2020-12-01,1010500,950900,59600,0.059
4256,Santa Cruz,2020-12-01,128500,118000,10400,0.081
4257,Shasta,2020-12-01,72600,67000,5700,0.078
4258,Sierra,2020-12-01,1270,1180,90,0.07
4259,Siskiyou,2020-12-01,16470,14910,1570,0.095
4260,Solano,2020-12-01,202800,185300,17500,0.086
4261,Sonoma,2020-12-01,236300,220700,15600,0.066
4262,Stanislaus,2020-12-01,239500,217000,22500,0.094
4263,Sutter,2020-12-01,43800,39500,4400,0.099
4264,Tehama,2020-12-01,25180,23160,2020,0.08
4265,Trinity,2020-12-01,4460,4120,340,0.076
4266,Tulare,2020-12-01,191300,169300,21900,0.115
4267,Tuolumne,2020-12-01,19860,18070,1800,0.09
4268,Ventura,2020-12-01,404500,374600,29900,0.074
4269,Yolo,2020-12-01,105000,97800,7200,0.068
4270,Yuba,2020-12-01,29500,26600,2900,0.098
5265,Alameda,2020-11-01,801300,746600,54700,0.068
5266,Alpine,2020-11-01,490,460,40,0.075
5267,Amador,2020-11-01,14180,13200,990,0.069
5268,Butte,2020-11-01,90300,84100,6200,0.069
5269,Calaveras,2020-11-01,20940,19770,1180,0.056
5270,Colusa,2020-11-01,10200,9170,1030,0.101
5271,Contra Costa,2020-11-01,532900,496100,36800,0.069
5272,Del Norte,2020-11-01,9120,8430,690,0.076
5273,El Dorado,2020-11-01,89900,84800,5100,0.057
5274,Fresno,2020-11-01,439400,402200,37300,0.085
5275,Glenn,2020-11-01,12170,11420,750,0.062
5276,Humboldt,2020-11-01,58700,55100,3600,0.062
5277,Imperial,2020-11-01,64800,54200,10600,0.164
5278,Inyo,2020-11-01,8180,7710,470,0.058
5279,Kern,2020-11-01,379600,345200,34400,0.09
5280,Kings,2020-11-01,54300,49500,4800,0.088
5281,Lake,2020-11-01,27810,25760,2050,0.074
5282,Lassen,2020-11-01,9870,9380,490,0.05
5284,Los Angeles,2020-11-01,4931400,4342400,589000,0.119
5285,Madera,2020-11-01,60400,55600,4800,0.079
5286,Marin,2020-11-01,128800,122500,6300,0.049
5287,Mariposa,2020-11-01,6610,6060,550,0.084
5288,Mendocino,2020-11-01,35950,33530,2420,0.067
5289,Merced,2020-11-01,113000,103000,10000,0.089
5290,Modoc,2020-11-01,3160,2970,190,0.059
5291,Mono,2020-11-01,7220,6630,590,0.081
5292,Monterey,2020-11-01,205800,191500,14300,0.07
5293,Napa,2020-11-01,66100,61800,4300,0.064
5294,Nevada,2020-11-01,45650,43040,2610,0.057
5295,Orange,2020-11-01,1535600,1434800,100800,0.066
5296,Placer,2020-11-01,184100,174500,9600,0.052
5297,Plumas,2020-11-01,7160,6630,530,0.074
5298,Riverside,2020-11-01,1106600,1021500,85100,0.077
5299,Sacramento,2020-11-01,705200,653600,51600,0.073
5300,San Benito,2020-11-01,30700,28600,2100,0.069
5301,San Bernardino,2020-11-01,972600,896200,76400,0.079
5302,San Diego,2020-11-01,1524000,1419700,104300,0.068
5303,San Francisco,2020-11-01,541000,509000,32000,0.059
5304,San Joaquin,2020-11-01,330700,302000,28700,0.087
5305,San Luis Obispo,2020-11-01,131200,124100,7100,0.054
5306,San Mateo,2020-11-01,424000,401600,22400,0.053
5307,Santa Barbara,2020-11-01,215800,203500,12300,0.057
5308,Santa Clara,2020-11-01,1009900,957200,52700,0.052
5309,Santa Cruz,2020-11-01,129300,120800,8600,0.066
5310,Shasta,2020-11-01,72400,67700,4700,0.065
5311,Sierra,2020-11-01,1290,1220,70,0.051
5312,Siskiyou,2020-11-01,16810,15670,1150,0.068
5313,Solano,2020-11-01,201200,186000,15200,0.075
5314,Sonoma,2020-11-01,239000,225300,13700,0.057
5315,Stanislaus,2020-11-01,237900,218700,19200,0.081
5316,Sutter,2020-11-01,43700,40200,3500,0.08
5317,Tehama,2020-11-01,25360,23700,1660,0.066
5318,Trinity,2020-11-01,4470,4210,250,0.057
5319,Tulare,2020-11-01,192100,173600,18500,0.096
5320,Tuolumne,2020-11-01,19620,18180,1440,0.074
5321,Ventura,2020-11-01,403600,377900,25700,0.064
5322,Yolo,2020-11-01,104500,98400,6000,0.058
5323,Yuba,2020-11-01,29400,27000,2400,0.083
6318,Alameda,2020-10-01,812800,744300,68500,0.084
6319,Alpine,2020-10-01,460,410,50,0.103
6320,Amador,2020-10-01,14540,13380,1160,0.08
6321,Butte,2020-10-01,92200,84800,7300,0.08
6322,Calaveras,2020-10-01,21370,19950,1420,0.066
6323,Colusa,2020-10-01,10610,9630,970,0.092
6324,Contra Costa,2020-10-01,540500,494900,45600,0.084
6325,Del Norte,2020-10-01,9400,8620,780,0.083
6326,El Dorado,2020-10-01,91100,85000,6100,0.067
6327,Fresno,2020-10-01,444000,401000,43100,0.097
6328,Glenn,2020-10-01,12640,11780,860,0.068
6329,Humboldt,2020-10-01,59600,55200,4300,0.073
6330,Imperial,2020-10-01,67100,53700,13400,0.2
6331,Inyo,2020-10-01,8290,7720,570,0.068
6332,Kern,2020-10-01,388700,347500,41200,0.106
6333,Kings,2020-10-01,55500,50100,5400,0.098
6334,Lake,2020-10-01,28590,26220,2370,0.083
6335,Lassen,2020-10-01,10040,9500,550,0.054
6337,Los Angeles,2020-10-01,4945600,4354200,591400,0.12
6338,Madera,2020-10-01,61000,55600,5400,0.089
6339,Marin,2020-10-01,131000,123200,7800,0.06
6340,Mariposa,2020-10-01,6990,6370,610,0.088
6341,Mendocino,2020-10-01,37000,34110,2880,0.078
6342,Merced,2020-10-01,115800,104600,11200,0.097
6343,Modoc,2020-10-01,3320,3120,200,0.059
6344,Mono,2020-10-01,7420,6670,750,0.102
6345,Monterey,2020-10-01,213600,197700,15900,0.074
6346,Napa,2020-10-01,68900,63800,5100,0.074
6347,Nevada,2020-10-01,46610,43450,3160,0.068
6348,Orange,2020-10-01,1554900,1427400,127500,0.082
6349,Placer,2020-10-01,186300,174600,11700,0.063
6350,Plumas,2020-10-01,7630,7050,570,0.075
6351,Riverside,2020-10-01,1121000,1016400,104600,0.093
6352,Sacramento,2020-10-01,716900,653800,63100,0.088
6353,San Benito,2020-10-01,31200,28700,2500,0.079
6354,San Bernardino,2020-10-01,984400,891500,92900,0.094
6355,San Diego,2020-10-01,1541800,1412100,129600,0.084
6356,San Francisco,2020-10-01,550300,508700,41600,0.076
6357,San Joaquin,2020-10-01,335500,301500,34100,0.102
6358,San Luis Obispo,2020-10-01,133300,124700,8600,0.064
6359,San Mateo,2020-10-01,429600,401400,28200,0.066
6360,Santa Barbara,2020-10-01,219300,204800,14500,0.066
6361,Santa Clara,2020-10-01,1019000,953500,65500,0.064
6362,Santa Cruz,2020-10-01,133100,123200,9900,0.074
6363,Shasta,2020-10-01,74200,68700,5400,0.073
6364,Sierra,2020-10-01,1330,1260,80,0.056
6365,Siskiyou,2020-10-01,17320,16060,1260,0.073
6366,Solano,2020-10-01,204600,186200,18400,0.09
6367,Sonoma,2020-10-01,244300,227500,16800,0.069
6368,Stanislaus,2020-10-01,242100,219400,22700,0.094
6369,Sutter,2020-10-01,45400,41500,3900,0.086
6370,Tehama,2020-10-01,26140,24230,1910,0.073
6371,Trinity,2020-10-01,4590,4310,290,0.062
6372,Tulare,2020-10-01,195100,173300,21700,0.111
6373,Tuolumne,2020-10-01,19960,18220,1730,0.087
6374,Ventura,2020-10-01,407700,376500,31200,0.076
6375,Yolo,2020-10-01,106000,99100,6900,0.065
6376,Yuba,2020-10-01,30100,27300,2800,0.093
7371,Alameda,2020-09-01,799200,721800,77400,0.097
7372,Alpine,2020-09-01,460,410,50,0.11
7373,Amador,2020-09-01,14280,13010,1270,0.089
7374,Butte,2020-09-01,90500,82300,8200,0.09
7375,Calaveras,2020-09-01,21160,19610,1550,0.073
7376,Colusa,2020-09-01,10320,9290,1030,0.1
7377,Contra Costa,2020-09-01,531200,480000,51300,0.096
7378,Del Norte,2020-09-01,9320,8500,830,0.089
7379,El Dorado,2020-09-01,89000,82200,6800,0.077
7380,Fresno,2020-09-01,438800,392500,46300,0.105
7381,Glenn,2020-09-01,12370,11440,930,0.076
7382,Humboldt,2020-09-01,58700,53900,4700,0.081
7383,Imperial,2020-09-01,67300,52400,14900,0.222
7384,Inyo,2020-09-01,8160,7550,620,0.075
7385,Kern,2020-09-01,382800,337300,45500,0.119
7386,Kings,2020-09-01,54800,49100,5700,0.104
7387,Lake,2020-09-01,28410,25890,2520,0.089
7388,Lassen,2020-09-01,9370,8780,590,0.063
7390,Los Angeles,2020-09-01,4804900,4173100,631900,0.132
7391,Madera,2020-09-01,60800,54900,5900,0.096
7392,Marin,2020-09-01,127500,118500,9000,0.07
7393,Mariposa,2020-09-01,7070,6400,670,0.095
7394,Mendocino,2020-09-01,36800,33620,3180,0.086
7395,Merced,2020-09-01,114300,102200,12100,0.106
7396,Modoc,2020-09-01,3210,3010,200,0.061
7397,Mono,2020-09-01,7730,6960,770,0.1
7398,Monterey,2020-09-01,213300,196000,17300,0.081
7399,Napa,2020-09-01,67900,62300,5600,0.083
7400,Nevada,2020-09-01,45830,42290,3540,0.077
7401,Orange,2020-09-01,1521600,1375500,146100,0.096
7402,Placer,2020-09-01,182100,168900,13200,0.072
7403,Plumas,2020-09-01,7710,7110,600,0.078
7404,Riverside,2020-09-01,1096200,979500,116600,0.106
7405,Sacramento,2020-09-01,702800,632400,70400,0.1
7406,San Benito,2020-09-01,30500,27800,2700,0.089
7407,San Bernardino,2020-09-01,959900,859400,100500,0.105
7408,San Diego,2020-09-01,1512100,1366900,145200,0.096
7409,San Francisco,2020-09-01,541700,493200,48500,0.09
7410,San Joaquin,2020-09-01,331000,293600,37400,0.113
7411,San Luis Obispo,2020-09-01,130700,120800,9800,0.075
7412,San Mateo,2020-09-01,421200,389100,32100,0.076
7413,Santa Barbara,2020-09-01,215700,199500,16100,0.075
7414,Santa Clara,2020-09-01,1000200,926100,74100,0.074
7415,Santa Cruz,2020-09-01,131100,120300,10900,0.083
7416,Shasta,2020-09-01,72800,67000,5800,0.08
7417,Sierra,2020-09-01,1310,1220,90,0.065
7418,Siskiyou,2020-09-01,16960,15600,1360,0.08
7419,Solano,2020-09-01,199300,179100,20200,0.101
7420,Sonoma,2020-09-01,241900,223000,18900,0.078
7421,Stanislaus,2020-09-01,239800,215100,24700,0.103
7422,Sutter,2020-09-01,44900,40700,4200,0.094
7423,Tehama,2020-09-01,25560,23490,2070,0.081
7424,Trinity,2020-09-01,4640,4340,300,0.065
7425,Tulare,2020-09-01,194100,170700,23400,0.121
7426,Tuolumne,2020-09-01,19850,17940,1910,0.096
7427,Ventura,2020-09-01,399900,364700,35100,0.088
7428,Yolo,2020-09-01,103500,96000,7500,0.073
7429,Yuba,2020-09-01,29800,26700,3000,0.101
8424,Alameda,2020-08-01,803800,718900,84900,0.106
8425,Alpine,2020-08-01,460,400,50,0.116
8426,Amador,2020-08-01,14380,12960,1410,0.098
8427,Butte,2020-08-01,91300,82400,8900,0.098
8428,Calaveras,2020-08-01,21340,19670,1670,0.078
8429,Colusa,2020-08-01,10460,9340,1120,0.107
8430,Contra Costa,2020-08-01,534100,477900,56200,0.105
8431,Del Norte,2020-08-01,9420,8490,930,0.098
8432,El Dorado,2020-08-01,89000,81500,7500,0.085
8433,Fresno,2020-08-01,439500,389000,50500,0.115
8434,Glenn,2020-08-01,12280,11220,1060,0.086
8435,Humboldt,2020-08-01,58000,52500,5400,0.094
8436,Imperial,2020-08-01,68200,51300,16900,0.248
8437,Inyo,2020-08-01,8220,7570,660,0.08
8438,Kern,2020-08-01,385600,335500,50200,0.13
8439,Kings,2020-08-01,55500,49400,6100,0.11
8440,Lake,2020-08-01,28320,25630,2690,0.095
8441,Lassen,2020-08-01,9330,8690,640,0.068
8442,Los Angeles,2020-08-01,4938500,4076400,862100,0.175
8444,Madera,2020-08-01,61700,55300,6500,0.105
8445,Marin,2020-08-01,128100,118100,10000,0.078
8446,Mariposa,2020-08-01,7230,6510,720,0.1
8447,Mendocino,2020-08-01,36870,33370,3500,0.095
8448,Merced,2020-08-01,112500,99200,13300,0.119
8449,Modoc,2020-08-01,3190,2980,210,0.067
8450,Mono,2020-08-01,7920,7040,870,0.11
8451,Monterey,2020-08-01,217000,197900,19100,0.088
8452,Napa,2020-08-01,68400,62000,6400,0.093
8453,Nevada,2020-08-01,46230,42260,3970,0.086
8454,Orange,2020-08-01,1526200,1362200,164000,0.107
8455,Placer,2020-08-01,182500,167600,14900,0.082
8456,Plumas,2020-08-01,7950,7270,680,0.085
8457,Riverside,2020-08-01,1098700,970800,127900,0.116
8458,Sacramento,2020-08-01,704300,627600,76700,0.109
8459,San Benito,2020-08-01,30900,27900,3000,0.096
8460,San Bernardino,2020-08-01,960700,851900,108800,0.113
8461,San Diego,2020-08-01,1518700,1353900,164700,0.108
8462,San Francisco,2020-08-01,546600,493700,52900,0.097
8463,San Joaquin,2020-08-01,331300,290900,40400,0.122
8464,San Luis Obispo,2020-08-01,129400,118300,11100,0.086
8465,San Mateo,2020-08-01,424600,389400,35200,0.083
8466,Santa Barbara,2020-08-01,216300,198400,17900,0.083
8467,Santa Clara,2020-08-01,1009000,927000,82000,0.081
8468,Santa Cruz,2020-08-01,132200,120000,12100,0.092
8469,Shasta,2020-08-01,72500,66200,6300,0.087
8470,Sierra,2020-08-01,1280,1180,100,0.077
8471,Siskiyou,2020-08-01,16940,15410,1540,0.091
8472,Solano,2020-08-01,200400,178500,22000,0.11
8473,Sonoma,2020-08-01,243400,222300,21100,0.087
8474,Stanislaus,2020-08-01,241700,214700,27000,0.112
8475,Sutter,2020-08-01,45600,41000,4600,0.101
8476,Tehama,2020-08-01,25660,23390,2280,0.089
8477,Trinity,2020-08-01,4710,4390,330,0.069
8478,Tulare,2020-08-01,196800,171000,25800,0.131
8479,Tuolumne,2020-08-01,20080,17930,2150,0.107
8480,Ventura,2020-08-01,401500,362100,39300,0.098
8481,Yolo,2020-08-01,103900,95700,8300,0.079
8482,Yuba,2020-08-01,29900,26700,3200,0.108
9477,Alameda,2020-07-01,811500,714400,97100,0.12
9478,Alpine,2020-07-01,460,390,70,0.145
9479,Amador,2020-07-01,14410,12740,1670,0.116
9480,Butte,2020-07-01,90400,80300,10100,0.111
9481,Calaveras,2020-07-01,21410,19460,1950,0.091
9482,Colusa,2020-07-01,10340,8950,1390,0.135
9483,Contra Costa,2020-07-01,539200,474900,64400,0.119
9484,Del Norte,2020-07-01,9200,8180,1020,0.111
9485,El Dorado,2020-07-01,90200,81200,8900,0.099
9486,Fresno,2020-07-01,441000,383700,57300,0.13
9487,Glenn,2020-07-01,12210,10970,1240,0.101
9488,Humboldt,2020-07-01,58200,52000,6200,0.106
9489,Imperial,2020-07-01,68600,49800,18900,0.275
9490,Inyo,2020-07-01,8350,7580,780,0.093
9491,Kern,2020-07-01,379700,322000,57700,0.152
9492,Kings,2020-07-01,56400,49400,7000,0.124
9493,Lake,2020-07-01,27780,24730,3050,0.11
9494,Lassen,2020-07-01,9300,8560,740,0.08
9495,Los Angeles,2020-07-01,4934900,4035000,899900,0.182
9497,Madera,2020-07-01,60700,53100,7500,0.124
9498,Marin,2020-07-01,129200,117400,11700,0.091
9499,Mariposa,2020-07-01,7360,6520,830,0.113
9500,Mendocino,2020-07-01,36750,32750,4000,0.109
9501,Merced,2020-07-01,110800,95400,15400,0.139
9502,Modoc,2020-07-01,3210,2960,250,0.078
9503,Mono,2020-07-01,8080,6970,1110,0.137
9504,Monterey,2020-07-01,219300,196500,22800,0.104
9505,Napa,2020-07-01,69600,62200,7400,0.107
9506,Nevada,2020-07-01,46270,41620,4640,0.1
9507,Orange,2020-07-01,1544300,1354100,190300,0.123
9508,Placer,2020-07-01,184400,167100,17300,0.094
9509,Plumas,2020-07-01,7870,7090,790,0.1
9510,Riverside,2020-07-01,1106800,961100,145800,0.132
9511,Sacramento,2020-07-01,711800,625800,85900,0.121
9512,San Benito,2020-07-01,31400,27800,3500,0.113
9513,San Bernardino,2020-07-01,964000,841800,122300,0.127
9514,San Diego,2020-07-01,1535400,1345800,189600,0.123
9515,San Francisco,2020-07-01,553200,492300,60900,0.11
9516,San Joaquin,2020-07-01,331600,285700,45900,0.138
9517,San Luis Obispo,2020-07-01,131800,118800,13000,0.099
9518,San Mateo,2020-07-01,428600,388300,40200,0.094
9519,Santa Barbara,2020-07-01,219400,198400,21000,0.096
9520,Santa Clara,2020-07-01,1017500,922700,94800,0.093
9521,Santa Cruz,2020-07-01,134700,120400,14300,0.106
9522,Shasta,2020-07-01,72100,64800,7200,0.101
9523,Sierra,2020-07-01,1260,1150,110,0.086
9524,Siskiyou,2020-07-01,17080,15320,1760,0.103
9525,Solano,2020-07-01,202700,178200,24500,0.121
9526,Sonoma,2020-07-01,245200,220600,24600,0.1
9527,Stanislaus,2020-07-01,240600,209600,31000,0.129
9528,Sutter,2020-07-01,46200,40800,5400,0.117
9529,Tehama,2020-07-01,25110,22520,2590,0.103
9530,Trinity,2020-07-01,4610,4240,370,0.08
9531,Tulare,2020-07-01,196000,166600,29300,0.15
9532,Tuolumne,2020-07-01,20220,17750,2470,0.122
9533,Ventura,2020-07-01,405600,360000,45600,0.112
9534,Yolo,2020-07-01,105100,95500,9600,0.091
9535,Yuba,2020-07-01,30200,26500,3700,0.122
10530,Alameda,2020-06-01,813700,708200,105400,0.13
10531,Alpine,2020-06-01,460,370,90,0.196
10532,Amador,2020-06-01,14510,12750,1760,0.121
10533,Butte,2020-06-01,92500,81700,10800,0.116
10534,Calaveras,2020-06-01,21370,19240,2140,0.1
10535,Colusa,2020-06-01,10070,8430,1640,0.162
10536,Contra Costa,2020-06-01,540200,470500,69700,0.129
10537,Del Norte,2020-06-01,9400,8310,1090,0.116
10538,El Dorado,2020-06-01,90900,80100,10900,0.12
10539,Fresno,2020-06-01,448100,387800,60300,0.135
10540,Glenn,2020-06-01,12550,11230,1320,0.105
10541,Humboldt,2020-06-01,59000,52300,6800,0.115
10542,Imperial,2020-06-01,71300,52400,18900,0.265
10543,Inyo,2020-06-01,8500,7610,880,0.104
10544,Kern,2020-06-01,383100,323100,60000,0.157
10545,Kings,2020-06-01,56400,48900,7500,0.133
10546,Lake,2020-06-01,28180,24720,3460,0.123
10547,Lassen,2020-06-01,9390,8610,780,0.083
10549,Los Angeles,2020-06-01,4839200,3974200,865000,0.179
10550,Madera,2020-06-01,62100,54100,8000,0.129
10551,Marin,2020-06-01,128400,115500,12900,0.1
10552,Mariposa,2020-06-01,7410,6350,1050,0.142
10553,Mendocino,2020-06-01,37100,32660,4440,0.12
10554,Merced,2020-06-01,113800,97300,16400,0.144
10555,Modoc,2020-06-01,3220,2940,280,0.087
10556,Mono,2020-06-01,7480,5910,1570,0.21
10557,Monterey,2020-06-01,221300,194400,26900,0.121
10558,Napa,2020-06-01,70000,61300,8700,0.124
10559,Nevada,2020-06-01,46210,41060,5160,0.112
10560,Orange,2020-06-01,1547100,1341900,205200,0.133
10561,Placer,2020-06-01,184100,164800,19300,0.105
10562,Plumas,2020-06-01,7820,6970,850,0.108
10563,Riverside,2020-06-01,1111800,959700,152100,0.137
10564,Sacramento,2020-06-01,708600,617400,91200,0.129
10565,San Benito,2020-06-01,31400,27400,4000,0.127
10566,San Bernardino,2020-06-01,965300,840300,125100,0.13
10567,San Diego,2020-06-01,1537000,1330000,207000,0.135
10568,San Francisco,2020-06-01,555000,488300,66700,0.12
10569,San Joaquin,2020-06-01,333900,285400,48500,0.145
10570,San Luis Obispo,2020-06-01,132400,117900,14600,0.11
10571,San Mateo,2020-06-01,430000,385000,45000,0.105
10572,Santa Barbara,2020-06-01,216800,193600,23200,0.107
10573,Santa Clara,2020-06-01,1017300,912500,104800,0.103
10574,Santa Cruz,2020-06-01,134300,117900,16300,0.122
10575,Shasta,2020-06-01,73500,65700,7800,0.106
10576,Sierra,2020-06-01,1300,1170,120,0.095
10577,Siskiyou,2020-06-01,17220,15340,1880,0.109
10578,Solano,2020-06-01,202400,176200,26100,0.129
10579,Sonoma,2020-06-01,245300,217200,28100,0.114
10580,Stanislaus,2020-06-01,240800,207900,32900,0.137
10581,Sutter,2020-06-01,46500,40500,5900,0.128
10582,Tehama,2020-06-01,25670,22910,2760,0.107
10583,Trinity,2020-06-01,4610,4200,410,0.089
10584,Tulare,2020-06-01,202500,172100,30400,0.15
10585,Tuolumne,2020-06-01,20100,17300,2800,0.139
10586,Ventura,2020-06-01,410500,361500,49000,0.119
10587,Yolo,2020-06-01,104100,93800,10200,0.098
10588,Yuba,2020-06-01,30400,26500,3800,0.127
11583,Alameda,2020-05-01,800600,689800,110900,0.138
11584,Alpine,2020-05-01,450,350,100,0.228
11585,Amador,2020-05-01,14030,11870,2150,0.153
11586,Butte,2020-05-01,91400,79300,12100,0.133
11587,Calaveras,2020-05-01,20570,18170,2390,0.116
11588,Colusa,2020-05-01,10140,8170,1970,0.194
11589,Contra Costa,2020-05-01,532300,457900,74500,0.14
11590,Del Norte,2020-05-01,9100,7880,1220,0.134
11591,El Dorado,2020-05-01,90600,77100,13500,0.149
11592,Fresno,2020-05-01,444200,376700,67500,0.152
11593,Glenn,2020-05-01,12570,11100,1470,0.117
11594,Humboldt,2020-05-01,58200,50700,7500,0.129
11595,Imperial,2020-05-01,72000,52200,19800,0.275
11596,Inyo,2020-05-01,8030,7030,1000,0.125
11597,Kern,2020-05-01,382900,318200,64600,0.169
11598,Kings,2020-05-01,57600,49100,8600,0.149
11599,Lake,2020-05-01,27810,23860,3950,0.142
11600,Lassen,2020-05-01,9300,8410,890,0.095
11601,Los Angeles,2020-05-01,4665800,3787500,878300,0.188
11603,Madera,2020-05-01,61800,52700,9200,0.148
11604,Marin,2020-05-01,124700,111000,13700,0.11
11605,Mariposa,2020-05-01,7100,5750,1350,0.191
11606,Mendocino,2020-05-01,35940,31050,4900,0.136
11607,Merced,2020-05-01,114800,96800,18000,0.157
11608,Modoc,2020-05-01,3080,2770,310,0.101
11609,Mono,2020-05-01,6890,5070,1830,0.265
11610,Monterey,2020-05-01,216400,184300,32100,0.148
11611,Napa,2020-05-01,68300,57900,10400,0.152
11612,Nevada,2020-05-01,44450,38640,5810,0.131
11613,Orange,2020-05-01,1517500,1291700,225800,0.149
11614,Placer,2020-05-01,181300,158800,22500,0.124
11615,Plumas,2020-05-01,7480,6470,1020,0.136
11616,Riverside,2020-05-01,1090100,919000,171100,0.157
11617,Sacramento,2020-05-01,694900,595200,99700,0.143
11618,San Benito,2020-05-01,31500,26800,4700,0.149
11619,San Bernardino,2020-05-01,937200,805300,131900,0.141
11620,San Diego,2020-05-01,1507200,1272700,234500,0.156
11621,San Francisco,2020-05-01,548900,478800,70100,0.128
11622,San Joaquin,2020-05-01,334800,281900,52900,0.158
11623,San Luis Obispo,2020-05-01,128100,111300,16800,0.131
11624,San Mateo,2020-05-01,425100,377300,47800,0.113
11625,Santa Barbara,2020-05-01,215600,188900,26700,0.124
11626,Santa Clara,2020-05-01,1006200,892600,113600,0.113
11627,Santa Cruz,2020-05-01,131300,112500,18800,0.143
11628,Shasta,2020-05-01,71500,62300,9100,0.128
11629,Sierra,2020-05-01,1230,1090,140,0.114
11630,Siskiyou,2020-05-01,16550,14460,2090,0.126
11631,Solano,2020-05-01,198900,170000,28900,0.145
11632,Sonoma,2020-05-01,240100,207800,32300,0.134
11633,Stanislaus,2020-05-01,238000,200900,37000,0.156
11634,Sutter,2020-05-01,45600,38900,6700,0.147
11635,Tehama,2020-05-01,24860,21790,3070,0.124
11636,Trinity,2020-05-01,4380,3920,460,0.105
11637,Tulare,2020-05-01,203900,170200,33600,0.165
11638,Tuolumne,2020-05-01,19570,16110,3470,0.177
11639,Ventura,2020-05-01,403900,348900,54900,0.136
11640,Yolo,2020-05-01,101400,90800,10700,0.105
11641,Yuba,2020-05-01,29900,25600,4400,0.146
12636,Alameda,2020-04-01,799000,682000,117000,0.146
12637,Alpine,2020-04-01,460,360,110,0.229
12638,Amador,2020-04-01,14210,12050,2160,0.152
12639,Butte,2020-04-01,92100,77400,14700,0.159
12640,Calaveras,2020-04-01,20510,17710,2800,0.137
12641,Colusa,2020-04-01,10890,8100,2800,0.257
12642,Contra Costa,2020-04-01,533300,452800,80500,0.151
12643,Del Norte,2020-04-01,9250,7920,1340,0.145
12644,El Dorado,2020-04-01,90800,76700,14100,0.155
12645,Fresno,2020-04-01,445100,368900,76200,0.171
12646,Glenn,2020-04-01,12630,10810,1820,0.144
12647,Humboldt,2020-04-01,58900,50000,9000,0.152
12648,Imperial,2020-04-01,72900,52000,20900,0.286
12649,Inyo,2020-04-01,7940,6760,1180,0.149
12650,Kern,2020-04-01,374500,304800,69700,0.186
12651,Kings,2020-04-01,57200,47500,9700,0.169
12652,Lake,2020-04-01,27960,23480,4480,0.16
12653,Lassen,2020-04-01,9330,8260,1080,0.115
12654,Los Angeles,2020-04-01,4759300,3892300,866900,0.182
12656,Madera,2020-04-01,59900,49500,10400,0.174
12657,Marin,2020-04-01,123500,108600,14900,0.121
12658,Mariposa,2020-04-01,7150,5690,1460,0.204
12659,Mendocino,2020-04-01,36600,30900,5700,0.156
12660,Merced,2020-04-01,116900,95300,21600,0.185
12661,Modoc,2020-04-01,3170,2750,420,0.132
12662,Mono,2020-04-01,6670,4790,1890,0.282
12663,Monterey,2020-04-01,215600,174400,41200,0.191
12664,Napa,2020-04-01,66300,54600,11800,0.178
12665,Nevada,2020-04-01,44240,37410,6830,0.154
12666,Orange,2020-04-01,1525400,1305800,219600,0.144
12667,Placer,2020-04-01,182100,158000,24100,0.132
12668,Plumas,2020-04-01,7380,6000,1380,0.187
12669,Riverside,2020-04-01,1088600,914300,174300,0.16
12670,Sacramento,2020-04-01,695800,592000,103800,0.149
12671,San Benito,2020-04-01,32600,26500,6100,0.188
12672,San Bernardino,2020-04-01,935000,802200,132800,0.142
12673,San Diego,2020-04-01,1512700,1272300,240400,0.159
12674,San Francisco,2020-04-01,550500,478700,71700,0.13
12675,San Joaquin,2020-04-01,329500,270700,58800,0.179
12676,San Luis Obispo,2020-04-01,129500,110300,19200,0.148
12677,San Mateo,2020-04-01,427500,377200,50200,0.118
12678,Santa Barbara,2020-04-01,214300,184300,29900,0.14
12679,Santa Clara,2020-04-01,1007200,884600,122500,0.122
12680,Santa Cruz,2020-04-01,132200,108900,23200,0.176
12681,Shasta,2020-04-01,72500,61100,11400,0.157
12682,Sierra,2020-04-01,1210,1040,170,0.143
12683,Siskiyou,2020-04-01,16710,14110,2610,0.156
12684,Solano,2020-04-01,200400,168900,31500,0.157
12685,Sonoma,2020-04-01,241000,203800,37100,0.154
12686,Stanislaus,2020-04-01,240000,198600,41400,0.172
12687,Sutter,2020-04-01,46200,38000,8200,0.178
12688,Tehama,2020-04-01,25420,21680,3740,0.147
12689,Trinity,2020-04-01,4370,3800,580,0.132
12690,Tulare,2020-04-01,201500,163900,37600,0.186
12691,Tuolumne,2020-04-01,19680,15760,3920,0.199
12692,Ventura,2020-04-01,404700,346100,58700,0.145
12693,Yolo,2020-04-01,101800,89800,12000,0.118
12694,Yuba,2020-04-01,30100,25200,4900,0.164
13689,Alameda,2020-03-01,836800,807500,29300,0.035
13690,Alpine,2020-03-01,640,600,40,0.055
13691,Amador,2020-03-01,14830,14100,730,0.049
13692,Butte,2020-03-01,97600,91700,5900,0.061
13693,Calaveras,2020-03-01,21520,20460,1060,0.049
13694,Colusa,2020-03-01,11260,8850,2410,0.214
13695,Contra Costa,2020-03-01,556500,536200,20300,0.036
13696,Del Norte,2020-03-01,9660,9000,660,0.069
13697,El Dorado,2020-03-01,92300,88400,3900,0.042
13698,Fresno,2020-03-01,456100,411200,44900,0.098
13699,Glenn,2020-03-01,13190,12130,1060,0.08
13700,Humboldt,2020-03-01,62000,59200,2700,0.044
13701,Imperial,2020-03-01,72700,58200,14600,0.201
13702,Inyo,2020-03-01,8580,8200,380,0.044
13703,Kern,2020-03-01,386200,343700,42500,0.11
13704,Kings,2020-03-01,58200,51600,6600,0.113
13705,Lake,2020-03-01,28730,26840,1890,0.066
13706,Lassen,2020-03-01,9490,8860,630,0.066
13708,Los Angeles,2020-03-01,4941300,4664900,276400,0.056
13709,Madera,2020-03-01,62900,56900,6000,0.096
13710,Marin,2020-03-01,136500,132700,3800,0.028
13711,Mariposa,2020-03-01,7520,7020,510,0.067
13712,Mendocino,2020-03-01,38580,36530,2050,0.053
13713,Merced,2020-03-01,118800,105000,13800,0.116
13714,Modoc,2020-03-01,3220,2890,330,0.102
13715,Mono,2020-03-01,8740,8350,390,0.044
13716,Monterey,2020-03-01,214900,190900,24000,0.112
13717,Napa,2020-03-01,71700,69100,2700,0.037
13718,Nevada,2020-03-01,48240,46220,2020,0.042
13719,Orange,2020-03-01,1598500,1545800,52700,0.033
13720,Placer,2020-03-01,188900,182000,6900,0.036
13721,Plumas,2020-03-01,7660,6750,910,0.119
13722,Riverside,2020-03-01,1115800,1062900,52900,0.047
13723,Sacramento,2020-03-01,712300,681600,30700,0.043
13724,San Benito,2020-03-01,32500,30200,2300,0.07
13725,San Bernardino,2020-03-01,975700,932500,43100,0.044
13726,San Diego,2020-03-01,1573600,1514400,59200,0.038
13727,San Francisco,2020-03-01,579200,563000,16100,0.028
13728,San Joaquin,2020-03-01,330500,305700,24700,0.075
13729,San Luis Obispo,2020-03-01,138900,134000,4900,0.035
13730,San Mateo,2020-03-01,455100,443700,11500,0.025
13731,Santa Barbara,2020-03-01,222700,211700,11000,0.049
13732,Santa Clara,2020-03-01,1046300,1014900,31400,0.03
13733,Santa Cruz,2020-03-01,139100,128800,10300,0.074
13734,Shasta,2020-03-01,73300,68800,4500,0.062
13735,Sierra,2020-03-01,1300,1200,100,0.078
13736,Siskiyou,2020-03-01,17090,15520,1570,0.092
13737,Solano,2020-03-01,207000,197500,9500,0.046
13738,Sonoma,2020-03-01,254500,246000,8500,0.033
13739,Stanislaus,2020-03-01,244300,225800,18500,0.076
13740,Sutter,2020-03-01,46700,41900,4800,0.103
13741,Tehama,2020-03-01,26100,24310,1790,0.069
13742,Trinity,2020-03-01,4500,4140,370,0.082
13743,Tulare,2020-03-01,206200,179000,27200,0.132
13744,Tuolumne,2020-03-01,20490,19280,1210,0.059
13745,Ventura,2020-03-01,421400,403500,17900,0.042
13746,Yolo,2020-03-01,108600,102700,5800,0.054
13747,Yuba,2020-03-01,30600,28200,2400,0.079
14742,Alameda,2020-02-01,842100,817400,24800,0.029
14743,Alpine,2020-02-01,630,600,30,0.051
14744,Amador,2020-02-01,14790,14140,650,0.044
14745,Butte,2020-02-01,97000,91800,5200,0.054
14746,Calaveras,2020-02-01,21610,20710,890,0.041
14747,Colusa,2020-02-01,10830,8640,2190,0.202
14748,Contra Costa,2020-02-01,560000,542700,17300,0.031
14749,Del Norte,2020-02-01,9540,8950,590,0.062
14750,El Dorado,2020-02-01,92500,89200,3400,0.036
14751,Fresno,2020-02-01,453600,415500,38100,0.084
14752,Glenn,2020-02-01,13130,12200,930,0.071
14753,Humboldt,2020-02-01,61800,59400,2400,0.038
14754,Imperial,2020-02-01,72000,58900,13000,0.181
14755,Inyo,2020-02-01,8610,8270,340,0.039
14756,Kern,2020-02-01,389700,354200,35600,0.091
14757,Kings,2020-02-01,58100,52400,5700,0.098
14758,Lake,2020-02-01,28920,27250,1670,0.058
14759,Lassen,2020-02-01,9410,8850,560,0.059
14760,Los Angeles,2020-02-01,5218500,4972500,246000,0.047
14762,Madera,2020-02-01,64200,59200,5100,0.079
14763,Marin,2020-02-01,137900,134700,3300,0.024
14764,Mariposa,2020-02-01,7500,7050,450,0.059
14765,Mendocino,2020-02-01,38220,36440,1780,0.046
14766,Merced,2020-02-01,116800,104900,11900,0.102
14767,Modoc,2020-02-01,3100,2810,300,0.096
14768,Mono,2020-02-01,9010,8680,330,0.037
14769,Monterey,2020-02-01,212700,191100,21500,0.101
14770,Napa,2020-02-01,72500,70200,2300,0.032
14771,Nevada,2020-02-01,48780,47030,1750,0.036
14772,Orange,2020-02-01,1617000,1572100,44900,0.028
14773,Placer,2020-02-01,189500,183500,6000,0.031
14774,Plumas,2020-02-01,7480,6680,810,0.108
14775,Riverside,2020-02-01,1121100,1075900,45200,0.04
14776,Sacramento,2020-02-01,713800,687200,26600,0.037
14777,San Benito,2020-02-01,32500,30600,1900,0.059
14778,San Bernardino,2020-02-01,980400,943800,36600,0.037
14779,San Diego,2020-02-01,1585600,1535000,50600,0.032
14780,San Francisco,2020-02-01,583900,570800,13100,0.022
14781,San Joaquin,2020-02-01,330900,309500,21400,0.065
14782,San Luis Obispo,2020-02-01,140000,135800,4200,0.03
14783,San Mateo,2020-02-01,459400,449800,9600,0.021
14784,Santa Barbara,2020-02-01,222000,212200,9800,0.044
14785,Santa Clara,2020-02-01,1055200,1028300,26800,0.025
14786,Santa Cruz,2020-02-01,139700,130700,8900,0.064
14787,Shasta,2020-02-01,72900,68900,4000,0.054
14788,Sierra,2020-02-01,1310,1220,90,0.069
14789,Siskiyou,2020-02-01,16970,15540,1430,0.084
14790,Solano,2020-02-01,207500,199400,8100,0.039
14791,Sonoma,2020-02-01,256000,248800,7200,0.028
14792,Stanislaus,2020-02-01,242300,226500,15800,0.065
14793,Sutter,2020-02-01,45800,41700,4100,0.09
14794,Tehama,2020-02-01,25970,24380,1590,0.061
14795,Trinity,2020-02-01,4430,4120,320,0.072
14796,Tulare,2020-02-01,206000,182700,23300,0.113
14797,Tuolumne,2020-02-01,20600,19540,1050,0.051
14798,Ventura,2020-02-01,423500,407900,15500,0.037
14799,Yolo,2020-02-01,108500,103300,5200,0.048
14800,Yuba,2020-02-01,30400,28300,2100,0.07
15795,Alameda,2020-01-01,838000,811700,26200,0.031
15796,Alpine,2020-01-01,650,620,30,0.046
15797,Amador,2020-01-01,14710,13990,710,0.048
15798,Butte,2020-01-01,96300,90800,5400,0.056
15799,Calaveras,2020-01-01,21500,20550,950,0.044
15800,Colusa,2020-01-01,10610,8490,2120,0.2
15801,Contra Costa,2020-01-01,557500,539200,18400,0.033
15802,Del Norte,2020-01-01,9610,8970,640,0.067
15803,El Dorado,2020-01-01,92200,88700,3500,0.038
15804,Fresno,2020-01-01,451100,413800,37300,0.083
15805,Glenn,2020-01-01,12860,11870,990,0.077
15806,Humboldt,2020-01-01,61100,58600,2500,0.042
15807,Imperial,2020-01-01,72700,58300,14500,0.199
15808,Inyo,2020-01-01,8620,8270,350,0.04
15809,Kern,2020-01-01,393100,358500,34500,0.088
15810,Kings,2020-01-01,57700,52100,5600,0.096
15811,Lake,2020-01-01,28620,26830,1790,0.063
15812,Lassen,2020-01-01,9400,8840,560,0.06
15814,Los Angeles,2020-01-01,5210600,4957000,253500,0.049
15815,Madera,2020-01-01,63300,58100,5200,0.082
15816,Marin,2020-01-01,137800,134400,3400,0.025
15817,Mariposa,2020-01-01,7450,7000,450,0.06
15818,Mendocino,2020-01-01,38160,36300,1860,0.049
15819,Merced,2020-01-01,115800,104300,11500,0.099
15820,Modoc,2020-01-01,3050,2740,310,0.101
15821,Mono,2020-01-01,9120,8790,330,0.036
15822,Monterey,2020-01-01,209700,188500,21200,0.101
15823,Napa,2020-01-01,70500,67900,2600,0.037
15824,Nevada,2020-01-01,48770,46940,1820,0.037
15825,Orange,2020-01-01,1609100,1561800,47300,0.029
15826,Placer,2020-01-01,188700,182400,6300,0.034
15827,Plumas,2020-01-01,7410,6610,800,0.108
15828,Riverside,2020-01-01,1119600,1071900,47700,0.043
15829,Sacramento,2020-01-01,711000,682800,28200,0.04
15830,San Benito,2020-01-01,32300,30300,2000,0.062
15831,San Bernardino,2020-01-01,978100,939400,38600,0.039
15832,San Diego,2020-01-01,1577100,1523200,54000,0.034
15833,San Francisco,2020-01-01,580700,567000,13700,0.024
15834,San Joaquin,2020-01-01,329400,307100,22300,0.068
15835,San Luis Obispo,2020-01-01,138400,134000,4500,0.032
15836,San Mateo,2020-01-01,457000,446900,10000,0.022
15837,Santa Barbara,2020-01-01,219200,209100,10200,0.046
15838,Santa Clara,2020-01-01,1050100,1022000,28100,0.027
15839,Santa Cruz,2020-01-01,138400,129600,8800,0.063
15840,Shasta,2020-01-01,73600,69500,4100,0.055
15841,Sierra,2020-01-01,1310,1220,80,0.064
15842,Siskiyou,2020-01-01,16950,15520,1440,0.085
15843,Solano,2020-01-01,206400,197800,8600,0.042
15844,Sonoma,2020-01-01,254100,246400,7700,0.03
15845,Stanislaus,2020-01-01,240700,224400,16300,0.068
15846,Sutter,2020-01-01,45200,41100,4100,0.091
15847,Tehama,2020-01-01,25910,24240,1670,0.064
15848,Trinity,2020-01-01,4390,4090,310,0.07
15849,Tulare,2020-01-01,204500,181700,22800,0.112
15850,Tuolumne,2020-01-01,20440,19370,1070,0.052
15851,Ventura,2020-01-01,419800,403100,16700,0.04
15852,Yolo,2020-01-01,107900,102400,5500,0.051
15853,Yuba,2020-01-01,30200,28000,2200,0.073
16848,Alameda,2019-12-01,840300,817500,22900,0.027
16849,Alpine,2019-12-01,520,500,30,0.048
16850,Amador,2019-12-01,14590,14010,580,0.039
16851,Butte,2019-12-01,97100,92600,4500,0.046
16852,Calaveras,2019-12-01,21310,20530,780,0.037
16853,Colusa,2019-12-01,10610,9020,1590,0.149
16854,Contra Costa,2019-12-01,558900,542900,16000,0.029
16855,Del Norte,2019-12-01,9420,8830,580,0.062
16856,El Dorado,2019-12-01,91800,88800,3000,0.033
16857,Fresno,2019-12-01,448800,415600,33200,0.074
16858,Glenn,2019-12-01,12720,11970,750,0.059
16859,Humboldt,2019-12-01,61800,59800,2000,0.033
16860,Imperial,2019-12-01,74300,58700,15500,0.209
16861,Inyo,2019-12-01,8680,8390,280,0.033
16862,Kern,2019-12-01,385600,356100,29500,0.076
16863,Kings,2019-12-01,57300,52600,4700,0.083
16864,Lake,2019-12-01,28580,27000,1580,0.055
16865,Lassen,2019-12-01,9230,8810,420,0.046
16867,Los Angeles,2019-12-01,5171300,4946900,224400,0.043
16868,Madera,2019-12-01,62600,58200,4400,0.071
16869,Marin,2019-12-01,138000,135000,3000,0.021
16870,Mariposa,2019-12-01,7230,6900,330,0.046
16871,Mendocino,2019-12-01,38070,36540,1520,0.04
16872,Merced,2019-12-01,114400,104700,9700,0.085
16873,Modoc,2019-12-01,3030,2800,230,0.076
16874,Mono,2019-12-01,8720,8420,300,0.035
16875,Monterey,2019-12-01,207900,191500,16400,0.079
16876,Napa,2019-12-01,69900,67700,2200,0.031
16877,Nevada,2019-12-01,48250,46730,1520,0.031
16878,Orange,2019-12-01,1609200,1567500,41800,0.026
16879,Placer,2019-12-01,188000,182600,5400,0.029
16880,Plumas,2019-12-01,7440,6820,620,0.083
16881,Riverside,2019-12-01,1121900,1078700,43300,0.039
16882,Sacramento,2019-12-01,708000,683500,24500,0.035
16883,San Benito,2019-12-01,32200,30600,1600,0.051
16884,San Bernardino,2019-12-01,980000,945600,34400,0.035
16885,San Diego,2019-12-01,1577700,1530100,47600,0.03
16886,San Francisco,2019-12-01,581600,569700,11900,0.02
16887,San Joaquin,2019-12-01,327100,307400,19600,0.06
16888,San Luis Obispo,2019-12-01,136700,132900,3800,0.028
16889,San Mateo,2019-12-01,457700,449000,8700,0.019
16890,Santa Barbara,2019-12-01,221500,213300,8200,0.037
16891,Santa Clara,2019-12-01,1051700,1027200,24600,0.023
16892,Santa Cruz,2019-12-01,137700,130400,7200,0.052
16893,Shasta,2019-12-01,72600,69300,3300,0.045
16894,Sierra,2019-12-01,1340,1270,70,0.049
16895,Siskiyou,2019-12-01,16460,15330,1130,0.069
16896,Solano,2019-12-01,206400,199000,7400,0.036
16897,Sonoma,2019-12-01,255100,248500,6500,0.026
16898,Stanislaus,2019-12-01,240000,225700,14400,0.06
16899,Sutter,2019-12-01,44900,41400,3500,0.078
16900,Tehama,2019-12-01,25250,23920,1330,0.053
16901,Trinity,2019-12-01,4380,4140,250,0.057
16902,Tulare,2019-12-01,198900,178800,20100,0.101
16903,Tuolumne,2019-12-01,20490,19600,890,0.043
16904,Ventura,2019-12-01,421300,406200,15200,0.036
16905,Yolo,2019-12-01,107200,102600,4500,0.042
16906,Yuba,2019-12-01,30000,28200,1800,0.061
17901,Alameda,2019-11-01,841000,816800,24200,0.029
17902,Alpine,2019-11-01,450,420,30,0.06
17903,Amador,2019-11-01,14700,14160,550,0.037
17904,Butte,2019-11-01,97800,93500,4300,0.044
17905,Calaveras,2019-11-01,21310,20550,770,0.036
17906,Colusa,2019-11-01,10740,9550,1190,0.111
17907,Contra Costa,2019-11-01,559500,542800,16700,0.03
17908,Del Norte,2019-11-01,9470,8920,560,0.059
17909,El Dorado,2019-11-01,92200,89200,3100,0.033
17910,Fresno,2019-11-01,448100,416400,31600,0.071
17911,Glenn,2019-11-01,12790,12130,660,0.051
17912,Humboldt,2019-11-01,62400,60300,2100,0.033
17913,Imperial,2019-11-01,75600,58600,17000,0.224
17914,Inyo,2019-11-01,8780,8500,280,0.032
17915,Kern,2019-11-01,387900,361200,26700,0.069
17916,Kings,2019-11-01,57400,53000,4400,0.076
17917,Lake,2019-11-01,28500,27040,1460,0.051
17918,Lassen,2019-11-01,10190,9810,380,0.037
17919,Los Angeles,2019-11-01,5211000,4983700,227300,0.044
17921,Madera,2019-11-01,61200,57200,4000,0.065
17922,Marin,2019-11-01,138400,135300,3100,0.023
17923,Mariposa,2019-11-01,7560,7240,310,0.042
17924,Mendocino,2019-11-01,38120,36720,1400,0.037
17925,Merced,2019-11-01,115300,107100,8200,0.071
17926,Modoc,2019-11-01,3170,2980,190,0.059
17927,Mono,2019-11-01,7860,7520,330,0.042
17928,Monterey,2019-11-01,217100,206100,11000,0.05
17929,Napa,2019-11-01,71500,69400,2000,0.028
17930,Nevada,2019-11-01,47970,46450,1520,0.032
17931,Orange,2019-11-01,1615200,1571000,44200,0.027
17932,Placer,2019-11-01,188900,183300,5600,0.03
17933,Plumas,2019-11-01,7660,7170,490,0.064
17934,Riverside,2019-11-01,1124000,1078400,45500,0.041
17935,Sacramento,2019-11-01,711000,685900,25100,0.035
17936,San Benito,2019-11-01,32400,30900,1500,0.045
17937,San Bernardino,2019-11-01,981100,945000,36100,0.037
17938,San Diego,2019-11-01,1583600,1533800,49800,0.031
17939,San Francisco,2019-11-01,581700,569300,12400,0.021
17940,San Joaquin,2019-11-01,327500,308900,18600,0.057
17941,San Luis Obispo,2019-11-01,139900,136100,3800,0.027
17942,San Mateo,2019-11-01,458200,449000,9200,0.02
17943,Santa Barbara,2019-11-01,223300,216000,7400,0.033
17944,Santa Clara,2019-11-01,1052000,1026100,25900,0.025
17945,Santa Cruz,2019-11-01,139600,133500,6100,0.043
17946,Shasta,2019-11-01,73100,69900,3200,0.043
17947,Sierra,2019-11-01,1340,1290,60,0.042
17948,Siskiyou,2019-11-01,16850,15940,910,0.054
17949,Solano,2019-11-01,207100,199700,7400,0.036
17950,Sonoma,2019-11-01,256100,249400,6700,0.026
17951,Stanislaus,2019-11-01,243100,229600,13600,0.056
17952,Sutter,2019-11-01,45100,42200,2900,0.065
17953,Tehama,2019-11-01,25740,24490,1250,0.049
17954,Trinity,2019-11-01,4480,4250,240,0.053
17955,Tulare,2019-11-01,200100,181600,18600,0.093
17956,Tuolumne,2019-11-01,20640,19790,860,0.042
17957,Ventura,2019-11-01,421300,405800,15500,0.037
17958,Yolo,2019-11-01,107200,103000,4200,0.039
17959,Yuba,2019-11-01,30000,28400,1700,0.056
18954,Alameda,2019-10-01,841000,816800,24200,0.029
18955,Alpine,2019-10-01,460,430,30,0.057
18956,Amador,2019-10-01,14960,14430,520,0.035
18957,Butte,2019-10-01,98800,94600,4200,0.043
18958,Calaveras,2019-10-01,21550,20810,750,0.035
18959,Colusa,2019-10-01,11130,10260,870,0.078
18960,Contra Costa,2019-10-01,559600,542900,16700,0.03
18961,Del Norte,2019-10-01,9760,9230,540,0.055
18962,El Dorado,2019-10-01,92400,89400,3000,0.032
18963,Fresno,2019-10-01,450200,422000,28200,0.063
18964,Glenn,2019-10-01,13340,12720,620,0.046
18965,Humboldt,2019-10-01,62600,60500,2000,0.032
18966,Imperial,2019-10-01,75200,57800,17400,0.231
18967,Inyo,2019-10-01,8810,8550,260,0.03
18968,Kern,2019-10-01,393500,367700,25700,0.065
18969,Kings,2019-10-01,57500,53600,3900,0.068
18970,Lake,2019-10-01,28910,27580,1330,0.046
18971,Lassen,2019-10-01,10240,9890,350,0.035
18973,Los Angeles,2019-10-01,5150800,4916800,234000,0.045
18974,Madera,2019-10-01,60600,57000,3500,0.058
18975,Marin,2019-10-01,139100,136000,3100,0.022
18976,Mariposa,2019-10-01,7830,7550,280,0.036
18977,Mendocino,2019-10-01,38690,37390,1290,0.033
18978,Merced,2019-10-01,117200,109900,7300,0.063
18979,Modoc,2019-10-01,3260,3110,160,0.049
18980,Mono,2019-10-01,7980,7640,330,0.042
18981,Monterey,2019-10-01,223300,214200,9100,0.041
18982,Napa,2019-10-01,74500,72700,1900,0.025
18983,Nevada,2019-10-01,48020,46520,1500,0.031
18984,Orange,2019-10-01,1617600,1573400,44200,0.027
18985,Placer,2019-10-01,189400,183800,5600,0.03
18986,Plumas,2019-10-01,7940,7530,410,0.052
18987,Riverside,2019-10-01,1114200,1067500,46800,0.042
18988,Sacramento,2019-10-01,713000,688000,25000,0.035
18989,San Benito,2019-10-01,32400,31100,1400,0.043
18990,San Bernardino,2019-10-01,971700,935500,36200,0.037
18991,San Diego,2019-10-01,1583100,1533500,49600,0.031
18992,San Francisco,2019-10-01,583000,570600,12400,0.021
18993,San Joaquin,2019-10-01,328400,310900,17500,0.053
18994,San Luis Obispo,2019-10-01,139500,135700,3800,0.027
18995,San Mateo,2019-10-01,459100,450000,9100,0.02
18996,Santa Barbara,2019-10-01,224400,217400,7100,0.031
18997,Santa Clara,2019-10-01,1052500,1026800,25700,0.024
18998,Santa Cruz,2019-10-01,141400,136200,5200,0.037
18999,Shasta,2019-10-01,73900,70800,3100,0.041
19000,Sierra,2019-10-01,1370,1320,60,0.042
19001,Siskiyou,2019-10-01,17560,16730,840,0.048
19002,Solano,2019-10-01,207500,200300,7300,0.035
19003,Sonoma,2019-10-01,259700,253300,6400,0.025
19004,Stanislaus,2019-10-01,242300,229600,12700,0.052
19005,Sutter,2019-10-01,46100,43500,2600,0.056
19006,Tehama,2019-10-01,26090,24860,1240,0.047
19007,Trinity,2019-10-01,4630,4420,220,0.046
19008,Tulare,2019-10-01,199200,181800,17400,0.087
19009,Tuolumne,2019-10-01,20650,19820,830,0.04
19010,Ventura,2019-10-01,421600,406700,14900,0.035
19011,Yolo,2019-10-01,108000,104200,3800,0.035
19012,Yuba,2019-10-01,30200,28600,1600,0.052
20007,Alameda,2019-09-01,843700,820700,23100,0.027
20008,Alpine,2019-09-01,470,450,20,0.051
20009,Amador,2019-09-01,14960,14480,480,0.032
20010,Butte,2019-09-01,98200,94200,4000,0.041
20011,Calaveras,2019-09-01,21670,20980,690,0.032
20012,Colusa,2019-09-01,10990,10210,780,0.071
20013,Contra Costa,2019-09-01,561300,545500,15900,0.028
20014,Del Norte,2019-09-01,9760,9270,490,0.05
20015,El Dorado,2019-09-01,92300,89500,2800,0.03
20016,Fresno,2019-09-01,451400,425400,26000,0.058
20017,Glenn,2019-09-01,13290,12660,630,0.047
20018,Humboldt,2019-09-01,62400,60500,1900,0.03
20019,Imperial,2019-09-01,74700,57800,16800,0.225
20020,Inyo,2019-09-01,8840,8590,250,0.028
20021,Kern,2019-09-01,394200,369000,25200,0.064
20022,Kings,2019-09-01,57700,54200,3500,0.061
20023,Lake,2019-09-01,29010,27810,1200,0.041
20024,Lassen,2019-09-01,9580,9250,340,0.035
20026,Los Angeles,2019-09-01,5175300,4942500,232800,0.045
20027,Madera,2019-09-01,62600,59200,3400,0.054
20028,Marin,2019-09-01,139300,136300,3000,0.021
20029,Mariposa,2019-09-01,8040,7780,260,0.032
20030,Mendocino,2019-09-01,38810,37580,1230,0.032
20031,Merced,2019-09-01,117300,110300,7000,0.06
20032,Modoc,2019-09-01,3190,3040,150,0.047
20033,Mono,2019-09-01,8330,8040,290,0.035
20034,Monterey,2019-09-01,227200,218800,8400,0.037
20035,Napa,2019-09-01,74900,73100,1700,0.023
20036,Nevada,2019-09-01,48050,46660,1390,0.029
20037,Orange,2019-09-01,1616500,1574400,42000,0.026
20038,Placer,2019-09-01,189200,183900,5300,0.028
20039,Plumas,2019-09-01,8120,7730,390,0.048
20040,Riverside,2019-09-01,1104300,1059000,45300,0.041
20041,Sacramento,2019-09-01,712100,688300,23800,0.033
20042,San Benito,2019-09-01,32100,30900,1200,0.039
20043,San Bernardino,2019-09-01,963400,928700,34700,0.036
20044,San Diego,2019-09-01,1579400,1532200,47200,0.03
20045,San Francisco,2019-09-01,584100,572600,11500,0.02
20046,San Joaquin,2019-09-01,326600,310100,16500,0.05
20047,San Luis Obispo,2019-09-01,138700,135100,3600,0.026
20048,San Mateo,2019-09-01,460100,451500,8600,0.019
20049,Santa Barbara,2019-09-01,222000,215400,6600,0.03
20050,Santa Clara,2019-09-01,1050200,1025700,24500,0.023
20051,Santa Cruz,2019-09-01,142300,137500,4900,0.034
20052,Shasta,2019-09-01,73300,70400,2800,0.039
20053,Sierra,2019-09-01,1400,1340,50,0.038
20054,Siskiyou,2019-09-01,17500,16690,800,0.046
20055,Solano,2019-09-01,208700,201800,6900,0.033
20056,Sonoma,2019-09-01,261000,254900,6100,0.024
20057,Stanislaus,2019-09-01,245000,232900,12100,0.05
20058,Sutter,2019-09-01,45300,42900,2400,0.052
20059,Tehama,2019-09-01,26050,24860,1190,0.046
20060,Trinity,2019-09-01,4680,4490,190,0.04
20061,Tulare,2019-09-01,202100,185500,16600,0.082
20062,Tuolumne,2019-09-01,20980,20190,790,0.038
20063,Ventura,2019-09-01,420200,405800,14400,0.034
20064,Yolo,2019-09-01,108100,104500,3600,0.033
20065,Yuba,2019-09-01,29800,28300,1500,0.051
21060,Alameda,2019-08-01,841500,814700,26800,0.032
21061,Alpine,2019-08-01,480,450,30,0.058
21062,Amador,2019-08-01,15000,14440,560,0.037
21063,Butte,2019-08-01,95900,91100,4800,0.05
21064,Calaveras,2019-08-01,21820,21020,800,0.037
21065,Colusa,2019-08-01,11410,10480,930,0.081
21066,Contra Costa,2019-08-01,559800,541500,18400,0.033
21067,Del Norte,2019-08-01,9730,9170,560,0.058
21068,El Dorado,2019-08-01,92200,88900,3300,0.036
21069,Fresno,2019-08-01,449800,420100,29700,0.066
21070,Glenn,2019-08-01,12950,12170,780,0.06
21071,Humboldt,2019-08-01,61300,59000,2300,0.038
21072,Imperial,2019-08-01,75300,56500,18800,0.25
21073,Inyo,2019-08-01,8910,8620,290,0.033
21074,Kern,2019-08-01,394100,365100,29000,0.074
21075,Kings,2019-08-01,57700,53700,4000,0.07
21076,Lake,2019-08-01,29190,27840,1350,0.046
21077,Lassen,2019-08-01,9480,9070,410,0.043
21078,Los Angeles,2019-08-01,5095100,4840900,254200,0.05
21080,Madera,2019-08-01,62100,58100,3900,0.063
21081,Marin,2019-08-01,139100,135700,3500,0.025
21082,Mariposa,2019-08-01,8040,7750,290,0.037
21083,Mendocino,2019-08-01,38760,37320,1440,0.037
21084,Merced,2019-08-01,114700,106400,8400,0.073
21085,Modoc,2019-08-01,3270,3080,180,0.055
21086,Mono,2019-08-01,8570,8260,310,0.037
21087,Monterey,2019-08-01,227600,217800,9800,0.043
21088,Napa,2019-08-01,74600,72600,2000,0.027
21089,Nevada,2019-08-01,48290,46660,1630,0.034
21090,Orange,2019-08-01,1604200,1555700,48500,0.03
21091,Placer,2019-08-01,188800,182700,6100,0.032
21092,Plumas,2019-08-01,8390,7920,470,0.056
21093,Riverside,2019-08-01,1099100,1047700,51400,0.047
21094,Sacramento,2019-08-01,711700,684100,27600,0.039
21095,San Benito,2019-08-01,32200,30800,1400,0.044
21096,San Bernardino,2019-08-01,958700,919000,39700,0.041
21097,San Diego,2019-08-01,1576100,1521700,54400,0.035
21098,San Francisco,2019-08-01,582800,569200,13600,0.023
21099,San Joaquin,2019-08-01,326800,308000,18800,0.058
21100,San Luis Obispo,2019-08-01,138200,134000,4200,0.03
21101,San Mateo,2019-08-01,458800,448800,10000,0.022
21102,Santa Barbara,2019-08-01,221400,214000,7400,0.033
21103,Santa Clara,2019-08-01,1050400,1022300,28000,0.027
21104,Santa Cruz,2019-08-01,143100,137400,5700,0.04
21105,Shasta,2019-08-01,73100,69900,3200,0.044
21106,Sierra,2019-08-01,1350,1290,60,0.045
21107,Siskiyou,2019-08-01,17560,16620,940,0.054
21108,Solano,2019-08-01,207700,199700,8000,0.038
21109,Sonoma,2019-08-01,258700,251600,7100,0.028
21110,Stanislaus,2019-08-01,243400,229300,14100,0.058
21111,Sutter,2019-08-01,46600,43900,2700,0.059
21112,Tehama,2019-08-01,25510,24090,1420,0.056
21113,Trinity,2019-08-01,4850,4640,220,0.044
21114,Tulare,2019-08-01,203100,184200,18900,0.093
21115,Tuolumne,2019-08-01,21010,20110,900,0.043
21116,Ventura,2019-08-01,417900,401600,16300,0.039
21117,Yolo,2019-08-01,108500,104300,4200,0.039
21118,Yuba,2019-08-01,29900,28200,1700,0.058
22113,Alameda,2019-07-01,846200,818100,28000,0.033
22114,Alpine,2019-07-01,480,450,40,0.072
22115,Amador,2019-07-01,14910,14310,600,0.04
22116,Butte,2019-07-01,95300,90000,5300,0.056
22117,Calaveras,2019-07-01,21730,20890,840,0.039
22118,Colusa,2019-07-01,10890,9770,1120,0.103
22119,Contra Costa,2019-07-01,563100,543700,19400,0.034
22120,Del Norte,2019-07-01,9600,9030,570,0.06
22121,El Dorado,2019-07-01,92500,89000,3500,0.037
22122,Fresno,2019-07-01,449400,416800,32700,0.073
22123,Glenn,2019-07-01,12910,12070,840,0.065
22124,Humboldt,2019-07-01,61200,58700,2500,0.04
22125,Imperial,2019-07-01,72600,56200,16400,0.226
22126,Inyo,2019-07-01,8920,8610,320,0.035
22127,Kern,2019-07-01,381900,349500,32500,0.085
22128,Kings,2019-07-01,58100,53600,4500,0.077
22129,Lake,2019-07-01,28710,27240,1470,0.051
22130,Lassen,2019-07-01,9490,9040,450,0.048
22132,Los Angeles,2019-07-01,5128900,4866600,262300,0.051
22133,Madera,2019-07-01,61400,57000,4400,0.072
22134,Marin,2019-07-01,140100,136500,3600,0.026
22135,Mariposa,2019-07-01,8120,7800,320,0.039
22136,Mendocino,2019-07-01,38850,37310,1540,0.04
22137,Merced,2019-07-01,112900,103400,9500,0.084
22138,Modoc,2019-07-01,3280,3070,200,0.061
22139,Mono,2019-07-01,8680,8350,330,0.038
22140,Monterey,2019-07-01,230100,219200,10900,0.047
22141,Napa,2019-07-01,75300,73100,2200,0.029
22142,Nevada,2019-07-01,48440,46720,1720,0.036
22143,Orange,2019-07-01,1617100,1566200,50800,0.031
22144,Placer,2019-07-01,189400,183000,6400,0.034
22145,Plumas,2019-07-01,8460,7940,520,0.062
22146,Riverside,2019-07-01,1104400,1052200,52100,0.047
22147,Sacramento,2019-07-01,714100,685000,29100,0.041
22148,San Benito,2019-07-01,32500,30900,1600,0.049
22149,San Bernardino,2019-07-01,963300,920700,42600,0.044
22150,San Diego,2019-07-01,1585800,1528700,57200,0.036
22151,San Francisco,2019-07-01,584900,570700,14200,0.024
22152,San Joaquin,2019-07-01,326000,305800,20200,0.062
22153,San Luis Obispo,2019-07-01,139200,134700,4500,0.032
22154,San Mateo,2019-07-01,460600,450000,10600,0.023
22155,Santa Barbara,2019-07-01,224000,216000,8000,0.036
22156,Santa Clara,2019-07-01,1055300,1026100,29200,0.028
22157,Santa Cruz,2019-07-01,143800,137500,6300,0.044
22158,Shasta,2019-07-01,72300,68800,3500,0.049
22159,Sierra,2019-07-01,1380,1310,70,0.049
22160,Siskiyou,2019-07-01,17900,16870,1030,0.057
22161,Solano,2019-07-01,208700,200200,8600,0.041
22162,Sonoma,2019-07-01,258600,250900,7600,0.03
22163,Stanislaus,2019-07-01,244400,228600,15800,0.064
22164,Sutter,2019-07-01,46400,43200,3200,0.068
22165,Tehama,2019-07-01,25430,23900,1530,0.06
22166,Trinity,2019-07-01,4830,4600,230,0.048
22167,Tulare,2019-07-01,200300,180300,20000,0.1
22168,Tuolumne,2019-07-01,21220,20240,980,0.046
22169,Ventura,2019-07-01,421500,405200,16400,0.039
22170,Yolo,2019-07-01,109100,104400,4600,0.043
22171,Yuba,2019-07-01,29600,27800,1800,0.062
23166,Alameda,2019-06-01,837800,811300,26400,0.032
23167,Alpine,2019-06-01,490,460,40,0.071
23168,Amador,2019-06-01,14930,14360,570,0.038
23169,Butte,2019-06-01,96500,91300,5200,0.054
23170,Calaveras,2019-06-01,21330,20510,820,0.038
23171,Colusa,2019-06-01,10920,9730,1190,0.109
23172,Contra Costa,2019-06-01,557200,538900,18300,0.033
23173,Del Norte,2019-06-01,9690,9160,530,0.055
23174,El Dorado,2019-06-01,91500,88200,3300,0.037
23175,Fresno,2019-06-01,451700,419600,32100,0.071
23176,Glenn,2019-06-01,12920,12110,810,0.063
23177,Humboldt,2019-06-01,61800,59500,2300,0.037
23178,Imperial,2019-06-01,74200,58900,15400,0.207
23179,Inyo,2019-06-01,8780,8470,310,0.035
23180,Kern,2019-06-01,389300,357800,31400,0.081
23181,Kings,2019-06-01,57400,52800,4600,0.08
23182,Lake,2019-06-01,29260,27820,1440,0.049
23183,Lassen,2019-06-01,9540,9090,450,0.047
23184,Los Angeles,2019-06-01,5070600,4836100,234500,0.046
23186,Madera,2019-06-01,62200,57900,4300,0.069
23187,Marin,2019-06-01,138000,134600,3400,0.025
23188,Mariposa,2019-06-01,7780,7460,320,0.041
23189,Mendocino,2019-06-01,38770,37300,1470,0.038
23190,Merced,2019-06-01,114900,105400,9500,0.082
23191,Modoc,2019-06-01,3350,3160,190,0.058
23192,Mono,2019-06-01,8250,7910,340,0.041
23193,Monterey,2019-06-01,230200,219000,11200,0.048
23194,Napa,2019-06-01,74600,72500,2100,0.028
23195,Nevada,2019-06-01,48240,46590,1650,0.034
23196,Orange,2019-06-01,1603500,1555400,48000,0.03
23197,Placer,2019-06-01,187500,181400,6100,0.033
23198,Plumas,2019-06-01,8300,7790,510,0.062
23199,Riverside,2019-06-01,1096400,1048000,48400,0.044
23200,Sacramento,2019-06-01,707100,679500,27700,0.039
23201,San Benito,2019-06-01,32100,30500,1500,0.048
23202,San Bernardino,2019-06-01,956300,916400,39900,0.042
23203,San Diego,2019-06-01,1573300,1519300,54000,0.034
23204,San Francisco,2019-06-01,576000,562400,13700,0.024
23205,San Joaquin,2019-06-01,325900,306600,19300,0.059
23206,San Luis Obispo,2019-06-01,141000,136700,4300,0.03
23207,San Mateo,2019-06-01,453300,443300,10000,0.022
23208,Santa Barbara,2019-06-01,224400,216700,7600,0.034
23209,Santa Clara,2019-06-01,1042700,1014800,28000,0.027
23210,Santa Cruz,2019-06-01,143500,137200,6300,0.044
23211,Shasta,2019-06-01,72900,69500,3400,0.047
23212,Sierra,2019-06-01,1350,1290,70,0.05
23213,Siskiyou,2019-06-01,17480,16460,1010,0.058
23214,Solano,2019-06-01,208000,199800,8200,0.039
23215,Sonoma,2019-06-01,255300,248000,7300,0.028
23216,Stanislaus,2019-06-01,241800,226200,15600,0.064
23217,Sutter,2019-06-01,46200,42900,3300,0.071
23218,Tehama,2019-06-01,25610,24140,1470,0.057
23219,Trinity,2019-06-01,4930,4690,240,0.048
23220,Tulare,2019-06-01,204300,185300,19000,0.093
23221,Tuolumne,2019-06-01,21010,20060,950,0.045
23222,Ventura,2019-06-01,419500,404100,15300,0.037
23223,Yolo,2019-06-01,107800,103400,4400,0.041
23224,Yuba,2019-06-01,29600,27900,1800,0.06
24219,Alameda,2019-05-01,835900,813900,22000,0.026
24220,Alpine,2019-05-01,470,440,30,0.059
24221,Amador,2019-05-01,14860,14370,500,0.034
24222,Butte,2019-05-01,98400,94000,4400,0.045
24223,Calaveras,2019-05-01,21120,20410,710,0.033
24224,Colusa,2019-05-01,11170,10000,1170,0.105
24225,Contra Costa,2019-05-01,555800,540600,15200,0.027
24226,Del Norte,2019-05-01,9550,9070,480,0.05
24227,El Dorado,2019-05-01,91400,88500,2900,0.031
24228,Fresno,2019-05-01,452600,423100,29500,0.065
24229,Glenn,2019-05-01,12890,12160,740,0.057
24230,Humboldt,2019-05-01,62200,60300,1900,0.031
24231,Imperial,2019-05-01,72600,59000,13600,0.188
24232,Inyo,2019-05-01,8660,8400,260,0.03
24233,Kern,2019-05-01,385200,356700,28400,0.074
24234,Kings,2019-05-01,58200,54200,4000,0.069
24235,Lake,2019-05-01,29150,27900,1250,0.043
24236,Lassen,2019-05-01,9600,9210,400,0.041
24237,Los Angeles,2019-05-01,5088000,4877200,210800,0.041
24239,Madera,2019-05-01,62400,58500,3900,0.062
24240,Marin,2019-05-01,137400,134600,2800,0.02
24241,Mariposa,2019-05-01,7660,7370,290,0.038
24242,Mendocino,2019-05-01,38640,37360,1280,0.033
24243,Merced,2019-05-01,116700,108100,8600,0.073
24244,Modoc,2019-05-01,3220,3040,180,0.057
24245,Mono,2019-05-01,8010,7730,280,0.035
24246,Monterey,2019-05-01,228000,216800,11200,0.049
24247,Napa,2019-05-01,74000,72200,1700,0.023
24248,Nevada,2019-05-01,47750,46310,1440,0.03
24249,Orange,2019-05-01,1604900,1565200,39700,0.025
24250,Placer,2019-05-01,187200,182000,5200,0.028
24251,Plumas,2019-05-01,8000,7490,510,0.064
24252,Riverside,2019-05-01,1091700,1051800,39900,0.037
24253,Sacramento,2019-05-01,704600,681400,23200,0.033
24254,San Benito,2019-05-01,31900,30500,1400,0.045
24255,San Bernardino,2019-05-01,953600,920900,32700,0.034
24256,San Diego,2019-05-01,1569000,1524400,44600,0.028
24257,San Francisco,2019-05-01,574000,562800,11200,0.02
24258,San Joaquin,2019-05-01,327000,309900,17100,0.052
24259,San Luis Obispo,2019-05-01,140900,137500,3500,0.025
24260,San Mateo,2019-05-01,451900,443700,8200,0.018
24261,Santa Barbara,2019-05-01,222700,216200,6500,0.029
24262,Santa Clara,2019-05-01,1038100,1015200,22900,0.022
24263,Santa Cruz,2019-05-01,141200,135300,5900,0.042
24264,Shasta,2019-05-01,72400,69400,3000,0.041
24265,Sierra,2019-05-01,1330,1260,70,0.05
24266,Siskiyou,2019-05-01,16990,16060,930,0.055
24267,Solano,2019-05-01,207500,200500,7000,0.034
24268,Sonoma,2019-05-01,255600,249600,6100,0.024
24269,Stanislaus,2019-05-01,241900,228200,13700,0.057
24270,Sutter,2019-05-01,45400,42300,3100,0.068
24271,Tehama,2019-05-01,25320,24030,1300,0.051
24272,Trinity,2019-05-01,4750,4530,220,0.045
24273,Tulare,2019-05-01,204800,187400,17400,0.085
24274,Tuolumne,2019-05-01,20820,19990,840,0.04
24275,Ventura,2019-05-01,421100,408300,12800,0.03
24276,Yolo,2019-05-01,107200,103500,3700,0.035
24277,Yuba,2019-05-01,29400,27800,1600,0.055
25272,Alameda,2019-04-01,834500,812200,22200,0.027
25273,Alpine,2019-04-01,580,560,20,0.039
25274,Amador,2019-04-01,14750,14200,550,0.037
25275,Butte,2019-04-01,98400,93500,4900,0.05
25276,Calaveras,2019-04-01,20960,20180,780,0.037
25277,Colusa,2019-04-01,11150,9460,1700,0.152
25278,Contra Costa,2019-04-01,555200,539500,15700,0.028
25279,Del Norte,2019-04-01,9520,9000,520,0.055
25280,El Dorado,2019-04-01,91300,88200,3100,0.034
25281,Fresno,2019-04-01,450300,416300,34000,0.076
25282,Glenn,2019-04-01,12920,12090,830,0.064
25283,Humboldt,2019-04-01,62100,59900,2200,0.035
25284,Imperial,2019-04-01,70300,58100,12200,0.174
25285,Inyo,2019-04-01,8600,8290,310,0.036
25286,Kern,2019-04-01,383400,352000,31500,0.082
25287,Kings,2019-04-01,57600,52900,4800,0.083
25288,Lake,2019-04-01,29100,27640,1450,0.05
25289,Lassen,2019-04-01,9540,9060,480,0.05
25290,Los Angeles,2019-04-01,5062700,4853500,209200,0.041
25292,Madera,2019-04-01,61000,56500,4500,0.074
25293,Marin,2019-04-01,137100,134200,2900,0.021
25294,Mariposa,2019-04-01,7360,7010,360,0.048
25295,Mendocino,2019-04-01,38620,37050,1580,0.041
25296,Merced,2019-04-01,115300,105200,10100,0.087
25297,Modoc,2019-04-01,3100,2860,240,0.079
25298,Mono,2019-04-01,8610,8340,270,0.031
25299,Monterey,2019-04-01,223200,207400,15800,0.071
25300,Napa,2019-04-01,72300,70300,1900,0.027
25301,Nevada,2019-04-01,48300,46740,1560,0.032
25302,Orange,2019-04-01,1604100,1563600,40400,0.025
25303,Placer,2019-04-01,186800,181400,5500,0.029
25304,Plumas,2019-04-01,7630,6880,740,0.097
25305,Riverside,2019-04-01,1092800,1051900,40900,0.037
25306,Sacramento,2019-04-01,703200,679000,24200,0.034
25307,San Benito,2019-04-01,32000,30400,1600,0.051
25308,San Bernardino,2019-04-01,954900,921700,33200,0.035
25309,San Diego,2019-04-01,1568300,1522600,45800,0.029
25310,San Francisco,2019-04-01,573900,562300,11600,0.02
25311,San Joaquin,2019-04-01,322200,303300,18900,0.059
25312,San Luis Obispo,2019-04-01,140400,136700,3600,0.026
25313,San Mateo,2019-04-01,451700,443400,8400,0.019
25314,Santa Barbara,2019-04-01,223100,215600,7500,0.033
25315,Santa Clara,2019-04-01,1036400,1012900,23400,0.023
25316,Santa Cruz,2019-04-01,140200,132300,7900,0.056
25317,Shasta,2019-04-01,71900,68500,3500,0.048
25318,Sierra,2019-04-01,1270,1190,80,0.063
25319,Siskiyou,2019-04-01,16800,15590,1210,0.072
25320,Solano,2019-04-01,207500,200100,7400,0.036
25321,Sonoma,2019-04-01,254200,247700,6400,0.025
25322,Stanislaus,2019-04-01,240600,225700,14800,0.062
25323,Sutter,2019-04-01,44900,41100,3800,0.084
25324,Tehama,2019-04-01,25170,23720,1440,0.057
25325,Trinity,2019-04-01,4600,4330,270,0.059
25326,Tulare,2019-04-01,203300,183100,20200,0.099
25327,Tuolumne,2019-04-01,20840,19880,960,0.046
25328,Ventura,2019-04-01,421100,407800,13300,0.032
25329,Yolo,2019-04-01,107000,102800,4200,0.039
25330,Yuba,2019-04-01,29300,27500,1800,0.062
